id,name,description,costFactor,maxLevel,era,prereqBuilding,prereqTech,basicCost1_type,basicCost1_amount,basicCost2_type,basicCost2_amount,basicCost3_type,basicCost3_amount,basicCost4_type,basicCost4_amount,advCost1_type,advCost1_amount,advCost2_type,advCost2_amount,effectWeight,effect1_type,effect1_amount,effect2_type,effect2_amount,advEffect1_type,advEffect1_amount,advEffect2_type,advEffect2_amount,advEffect3_type,advEffect3_amount
hut,🛖 茅屋,簡陋的茅屋，略微提升對天地靈氣的感應。,1.5,2,1,0,0,lingli,20,0,0,0,0,0,0,0,0,0,0,1,lingli,0.3,0,0,0,0,0,0,0,0
stone_mine,⛏️ 採石場,簡陋的採石場，尋找靈脈進行採集，可以產出靈石與基礎礦物。,1.5,100,1,forest_farm:3,0,wood,10,money,20,0,0,0,0,0,0,0,0,0.3,stone_low,0.1,black_copper,0.05,0,0,0,0,0,0
iron_mine,⛓️ 鐵礦,開採鐵礦石，可以產出精鐵。,1.5,100,2,hunter_camp,basic_meditation,wood,15,money,15,beast_bone_low,10,0,0,0,0,0,0,0.3,refined_iron,0.05,0,0,0,0,0,0,0,0
wooden_house,🏠 木屋,結實的木屋，可以居住更多凡人，增加金錢收入與儲存。,1.6,50,1,hut:2,0,money,20,lingli,30,0,0,0,0,0,0,0,0,2,money,0.2,money_max,50,0,0,0,0,0,0
forest_farm,🌲 林場,充滿靈氣的森林，可以從此產出靈木。,1.5,100,1,wooden_house:2,0,money,20,lingli,20,0,0,0,0,0,0,0,0,0.3,wood,0.1,0,0,0,0,0,0,0,0
herb_farm,🌿 靈植場,蘊養靈植的場所，可以產出低階靈草。,2,100,1,stone_mine:3,0,stone_low,10,wood,20,0,0,0,0,0,0,0,0,0.1,spirit_grass_low,0.1,0,0,0,0,0,0,0,0
rice_field,🌾 靈田,種植靈米的田地，可以產出靈米。,1.8,100,2,iron_mine:2,foundation_building,stone_low,15,wood,25,0,0,0,0,0,0,0,0,0.1,spirit_rice,0.08,0,0,0,0,0,0,0,0
hunter_camp,🏹 狩獵營,獵殺妖獸的營地，可以產出獸皮與獸骨。,1.7,100,2,forest_farm:3,basic_meditation,wood,30,money,20,0,0,0,0,0,0,0,0,0.05,beast_hide_low,0.03,beast_bone_low,0.03,0,0,0,0,0,0
library,📚 藏書閣,收藏各類功法典籍，研習可獲得技能點。,1.8,100,2,0,0,money,500,wood,200,stone_low,50,spirit_grass_low,20,0,0,0,0,0,skill_point,6,lingli,1.23,0,0,0,0,0,0
scripture_hall,📜 藏經閣,珍藏上古經文，可大幅提升技能點上限。,1.8,100,2,library,0,money,500,wood,500,stone_low,300,bronze_essence,5,0,0,0,0,0,0,0,skill_point_max,6000,0,0,0,0,0,0
stone_mine_mid,💎 靈石礦脈,深入地底尋找高品質靈石。,1.8,100,2,stone_mine,foundation_building,money,1000,stone_low,150,refined_iron,50,beast_bone_low,20,0,0,0,0,1,stone_low,0.5,0,0,0,0,0,0,0,0
middle_stone_vault,🧱 中品靈石礦,比採石場更先進的設施，專門開採含靈量更高的石材。,1.5,100,3,stone_mine_mid,golden_core_formation,money,1200,stone_low,400,wood,200,0,0,0,0,0,0,1,stone_mid,1,0,0,0,0,0,0,0,0
alloy_warehouse,🏗️ 玄鐵倉,專門存放基礎礦物的倉庫。,1.5,30,3,stone_mine,0,money,5000,stone_mid,100,talisman,20,0,0,0,0,0,0,0,black_copper_max,2000,refined_iron_max,2000,0,0,0,0,0,0
spirit_spring,⛲ 靈源泉,引動地下靈脈形成的泉水，散發著驚人的靈氣與生機。,1.8,30,3,0,0,money,5000,stone_mid,10,liquid,10,0,0,0,0,0,0,0.5,all_rate,0.5,0,0,0,0,0,0,0,0
void_treasury,🏯 虛空寶庫,利用空間陣法開闢的儲物空間，提升核心基礎資源上限。,1.4,30,3,storage_stone_mid,0,money,3000,talisman,10,black_copper,200,refined_iron,200,0,0,0,0,0,all_max,5000,0,0,0,0,0,0,0,0
maid,🧹 侍女,招募手巧的侍女照顧洞府，解鎖自動合成功能，可在合成介面各別設置自動化。,1.0,1,3,0,0,money,2000,spirit_rice,50,0,0,0,0,0,0,0,0,0,all_rate,0,0,0,0,0,0,0,0,0
beast_trainer,🐾 訓練師金莎,精通御獸之道的馴獸師，可自動餵養靈寵。每次升級縮短靈寵餵養等待時間。,1.8,5,3,beast_hunt_camp,0,money,5000,stone_mid,800,beast_crystal_low,64,beast_taming_note,5,0,0,0,0,0,auto_feed_beast,1,feed_cooldown_reduction,20,0,0,0,0,0,0
storage_ring,💍 儲物戒指,高階修士標配，隨身攜帶，巨幅提升合成資源存放上限。,1.4,50,6,0,0,money,10000,stone_high,5,void_crystal,1,0,0,0,0,0,0,0,synthetic_max_mult,0.05,0,0,0,0,0,0,0,0
spirit_garden,🏡 靈藥園,培育高年份靈草的園地，可以產出百年靈草。,2.2,100,4,herb_farm,nascent_soul_incubation,money,5000,stone_mid,50,0,0,0,0,0,0,0,0,0.1,spirit_grass_100y,0.02,0,0,0,0,0,0,0,0
deep_mine,🌋 深層礦脈,深入地脈開採稀有礦物，可以產出秘銀與寒鐵。,2,100,4,stone_mine_mid,nascent_soul_incubation,money,8000,stone_mid,100,wood,200,0,0,0,0,0,0,0.3,mithril,0.01,cold_iron,0.01,0,0,0,0,0,0
beast_cellar,🛖 獸骨窖,存放妖獸皮毛與骨骼的地窖。,1.5,50,4,beast_ranch,0,money,10000,mithril,20,cold_iron,20,0,0,0,0,0,0,0,beast_hide_low_max,3000,beast_bone_low_max,3000,0,0,0,0,0,0
beast_ranch,🐂 靈獸圈,圈養靈獸獲取材料，可以產出中級獸材。,2.1,100,4,hunter_camp,0,stone_mid,80,wood,150,0,0,0,0,0,0,0,0,0.1,beast_hide_mid,0.01,beast_bone_mid,0.01,0,0,0,0,0,0
beast_hunt_camp,⚔️ 獵殺營,專門獵殺妖獸取晶的營地，可以產出低階獸晶。,2,100,3,hunter_camp,0,stone_mid,100,wood,100,money,500,0,0,0,0,0,0,0.05,beast_crystal_low,0.02,0,0,0,0,0,0,0,0
sky_mine,🌌 天外礦場,捕獲天外隕石，可以極緩慢產出星隕鐵。,2.5,50,7,deep_mine,0,stone_high,500,void_crystal,10,0,0,0,0,0,0,0,0,0.05,star_metal,0.001,0,0,0,0,0,0,0,0
rebirth_lotus,🪷 往生蓮臺,凝聚此生因果，可於大期未至時提前遁入輪迴。,1.1,1,4,alchemy_room,0,lingli,50000,stone_low,20000,money,10000,0,0,0,0,0,0,0,lingli,-10,0,0,0,0,0,0,0,0
void_mirror,🪞 太虛輪迴境,照見古今未來，窺探輪迴真理。大幅提升提前輪迴的感悟。,1.1,1,7,rebirth_lotus,0,lingli,1000000,money,50000,stone_high,5000,0,0,0,0,0,0,0,lingli,-50,0,0,0,0,0,0,0,0
sword_maid,⚔️ 劍侍糯美子,招募精通劍道的侍女，自動升級建築並自動提升功法。(為了方便大家測試調低境界開放),1.0,1,3,maid,building_mastery_2,money,50000,stone_mid,200,wood,200,spirit_grass_100y,100,0,0,0,0,0,auto_build,1,auto_technique,1,maid_craft_boost,5,0,0,0,0
storage_mithril,🔒 秘銀庫,專門存放秘銀的堅固倉庫。,1.5,50,4,deep_mine,0,money,5000,stone_mid,100,mithril,10,refined_iron,2000,0,0,0,0,0,mithril_max,100,0,0,0,0,0,0,0,0
storage_cold_iron,❄️ 寒鐵庫,以寒玉砌成，適合存放寒鐵。,1.5,50,4,deep_mine,0,money,5000,stone_mid,100,cold_iron,10,black_copper,2000,0,0,0,0,0,cold_iron_max,100,0,0,0,0,0,0,0,0
storage_spirit_herb_100y,🎋 百草架,特製的藥架，能更妥善保存百年靈草。,1.5,50,4,spirit_garden,0,money,5000,stone_mid,500,spirit_grass_100y,10,beast_hide_low,100,0,0,0,0,0,spirit_grass_100y_max,100,0,0,0,0,0,0,0,0
storage_spirit_jade,💎 靈玉匣,精緻的玉匣，用於存放靈玉。,1.6,20,5,spirit_jade_vein,0,money,20000,stone_mid,500,spirit_jade,5,beast_bone_low,3000,0,0,0,0,0,spirit_jade_max,50,0,0,0,0,0,0,0,0
storage_beast_mid,🦁 獸材庫,寬敞的倉庫，分類存放各種中級妖獸材料。,1.5,50,5,beast_ranch,0,money,10000,mithril,500,stone_mid,300,beast_hide_mid,200,beast_bone_mid,200,0,0,0,beast_hide_mid_max,100,beast_bone_mid_max,100,beast_crystal_mid_max,80,0,0,0,0
storage_beast_crystal_low,🥚 獸晶地窖,存放初級獸晶的地下倉庫。,1.5,50,5,beast_hunt_camp,0,money,10000,stone_mid,200,cold_iron,1000,black_copper,3000,0,0,0,0,0,beast_crystal_low_max,200,0,0,0,0,0,0,0,0
ancient_garden,🏺 古藥園,種植千年靈草的神秘園地。,2.5,50,5,spirit_garden,0,money,10000,stone_high,10,liquid,20,0,0,0,0,0,0,0.1,spirit_grass_1000y,0.005,0,0,0,0,0,0,0,0
spirit_jade_vein,🔮 靈玉礦脈,深入地底挖掘稀有的靈玉。,2.5,50,5,deep_mine,0,money,15000,stone_high,20,0,0,0,0,0,0,0,0,0.1,spirit_jade,0.005,0,0,0,0,0,0,0,0
alchemy_room,⚗️ 煉丹房,自動合成指定丹藥的煉丹設施。,1.8,50,4,maid,heavenly_craft,money,50000,stone_mid,200,mithril,50,0,0,0,0,0,0,0,auto_craft_pill,1,0,0,0,0,0,0,0,0
formation_tower,📿 陣法塔,布置靈氣聚集陣法，提升整體資源產出。,2.0,30,4,spirit_spring,0,money,80000,stone_mid,300,talisman,100,0,0,0,0,0,0,0.5,all_rate,0.3,0,0,0,0,0,0,0,0
spirit_wood_grove,🌳 靈木聖林,種植天材地寶的神秘森林。,2.2,50,5,ancient_garden,0,money,150000,stone_high,50,spirit_grass_100y,100,0,0,0,0,0,0,0.1,spirit_wood_high,0.01,0,0,0,0,0,0,0,0
celestial_pavilion,🏯 天機閣,推演天機運轉的神秘建築。,1.8,20,5,0,0,money,200000,stone_high,80,spirit_jade,10,0,0,0,0,0,0,0,event_cd_reduction,0.05,0,0,0,0,0,0,0,0
void_well,🌌 虛空井,從虛空中汲取純淨的精華。,2.2,50,6,0,0,money,100000,stone_high,20,0,0,0,0,0,0,0,0,0.1,void_essence,0.02,0,0,0,0,0,0,0,0
spirit_loom,🧵 靈力織機,將虛空波動編織成靈力絲線。,2.4,50,6,void_well,0,money,120000,wood,10000,void_essence,10,0,0,0,0,0,0,0.1,spirit_thread,0.02,0,0,0,0,0,0,0,0
unity_temple,🏛️ 歸一殿,象徵萬物歸一之殿，極大提升修為上限與靈力容量。,2.8,20,7,0,0,money,500000,heaven_jade,5,void_crystal,50,0,0,0,0,0,0,0.5,lingli_max,1000000,all_max,50000,0,0,0,0,0,0
star_observatory,📡 觀星台,觀測星辰運行，捕捉星空空間深處的隕鐵精華。,2.5,50,7,sky_mine,0,money,300000,stone_high,50,void_crystal,20,0,0,0,0,0,0,0.2,star_metal,0.005,all_rate,0.5,0,0,0,0,0,0
beast_crystal_forge,💎 獸晶熔爐,將低級獸晶提煉為中級獸晶的高溫熔爐。,2.2,50,7,0,0,money,200000,stone_high,40,cold_iron,100,black_copper,5000,0,0,0,0,0.2,beast_crystal_mid,0.01,0,0,0,0,0,0,0,0
spirit_herb_garden,🌿 萬年藥田,培育萬年靈藥的頂級藥田。,2.5,50,7,ancient_garden,0,money,400000,stone_high,100,spirit_grass_1000y,20,liquid,50,0,0,0,0,0.1,spirit_herb_10000y,0.002,0,0,0,0,0,0,0,0
star_fungus_cave,🍄 靈芝洞府,充滿星辰之力的洞府，可生長星辰靈芝。,2.5,50,8,0,0,money,800000,stone_high,200,star_metal,10,void_crystal,5,0,0,0,0,0.1,star_fungus,0.005,0,0,0,0,0,0,0,0
heavenly_forge,🔨 天工爐,天工造物之爐，可微幅提升合成與生產效率。,2.2,50,8,0,0,money,1000000,stone_high,250,cold_iron,200,beast_bone_high,10,0,0,0,0,0,craft_output,0.005,0,0,0,0,0,0,0,0
dao_inscription_hall,📜 銘道殿,刻劃大道的殿堂，巨幅提升全資源儲存上限。,2.5,20,8,unity_temple,0,money,2000000,stone_high,500,heaven_jade,20,void_crystal,50,0,0,0,0,0,all_max,100000,0,0,0,0,0,0,0,0
tribulation_array,⚡ 渡劫陣,抵禦天劫的大陣，未來能提升渡劫成功率。,3.0,20,8,0,0,money,3000000,stone_high,1000,star_metal,50,integration_pill,10,0,0,0,0,0,tribulation_rate,0.005,0,0,0,0,0,0,0,0
