id,name,description,maxLevel,resourceMultiplier,lifespan,up_level,up_skills,up_capacity,lvl_baseTime,lvl_timeMult,lvl_skills,lvl_res1_type,lvl_res1_amount,lvl_res2_type,lvl_res2_amount,lvl_res3_type,lvl_res3_amount,lv9_item_type,lv9_item_amount
1,練氣期,修仙入門階段，感知天地靈氣,10,1,80,10,,"lingli_max:500",60,1.15,,lingli,50,,,,,,
2,築基期,築基煉體，為金丹做準備,10,1.5,120,10,,"lingli_max:2000,stone_low_max:1000",120,1.18,basic_meditation:5,lingli,500,money,100,stone_low,50,,
3,金丹期,凝聚金丹，壽元大增,10,2,540,10,,"lingli_max:10000,stone_low_max:5000",240,1.22,foundation_building:5|golden_core_formation:5,lingli,2000,money,500,stone_mid,50,talisman,10
4,元嬰期,元嬰出竅，神通初顯,10,3,350,10,,"lingli_max:50000,stone_low_max:20000,money_max:10000",480,1.28,nascent_soul_incubation:1,lingli,5000,golden_core_pill,3,stone_mid,200,cold_iron,5
5,化神期,元神化形，掌控天地,10,4.5,600,10,,"lingli_max:200000,stone_low_max:100000",800,1.35,nascent_soul_mastery:5,lingli,15000,money,5000,mithril,5,spirit_grass_1000y,10
6,煉虛期,煉虛合道，返璞歸真,10,6,950,10,void_mastery:1,"lingli_max:2000000",1500,1.45,spirit_transformation:5,lingli,40000,money,15000,stone_mid,5000,trans_pill,5
7,合體期,天人合一，法力無邊,10,8,1440,10,integration_mastery:1,"lingli_max:10000000",3000,1.6,void_refinement:5,lingli,100000,money,40000,void_crystal,2,spirit_herb_10000y,10
8,大乘期,大乘境界，飛升在即,10,10,2500,10,,"lingli_max:20000000",6000,1.8,unity_mastery:5,lingli,250000,money,100000,stone_mid,30000,tribulation_pill,5
9,渡劫期,渡天劫，證仙道,10,15,4500,10,,"lingli_max:100000000",12000,2.1,mahayana_enlightenment:5,lingli,600000,money,250000,stone_mid,100000,breakthrough_pill,3
10,地仙,飛升成仙，長生不老,10,20,7200,10,,"lingli_max:500000000",25000,2.5,tribulation_survivor:5,lingli,1500000,money,600000,stone_high,5000,immortal_pill,3
11,天仙,天仙之境，神通廣大,10,30,12000,10,,"lingli_max:2000000000",50000,3,earthly_immortal_dao:5,lingli,3500000,money,1500000,stone_high,15000,nine_turn_pill,3
12,金仙,金仙大道，永恆不滅,10,50,20160,10,,"lingli_max:10000000000",100000,4,heavenly_immortal_mastery:5,lingli,8000000,money,3500000,stone_high,50000,dao_saint_pill,2
